{"-0.3955659035430561": 623.8318785987484, "-0.05402436752815609": 0.0, "0.0019097622730973476": 305.83175294720326}