{"distortionCoefficients": {"0": -0.3955659035430561, "1": -0.05402436752815609, "2": 0.0019097622730973476, "3": -0.0001909969014812971, "4": 0.6802637413063332}, "intrinsicMatrix": [{"0": 623.8318785987484, "1": 0.0, "2": 305.83175294720326}, {"0": 0.0, "1": 622.8245677031489, "2": 259.5469420705988}, {"0": 0.0, "1": 0.0, "2": 1.0}]}