{"distortionCoefficients": [[-0.3955659035430561, -0.05402436752815609, 0.0019097622730973476, -0.0001909969014812971, 0.6802637413063332]], "intrinsicMatrix": [[623.8318785987484, 0.0, 305.83175294720326], [0.0, 622.8245677031489, 259.5469420705988], [0.0, 0.0, 1.0]]}