{"distortionCoefficients": [[-0.39556606410194384, -0.054022646395504255, 0.001909759646162783, -0.00019099294167340637, 0.6802576840672919]], "intrinsicMatrix": [[623.8318974671141, 0.0, 305.83173671033643], [0.0, 622.8245855925658, 259.5469367331933], [0.0, 0.0, 1.0]]}